类别,字段,用途,填写提示,当前值,负责人,状态
账号,小程序AppID,配置与开发者工具,公开标识可直接提供,,甲方管理员,待提供
账号,企业主体与管理员,认证备案及发布授权,主体名称及管理员联系渠道不要提供密码,,甲方管理员,待确认
账号,开发者与体验者授权,开发上传与真机测试,在微信后台成员管理中授权指定微信号,,甲方管理员,待授权
资质,认证与服务类目状态,审核准备,按后台要求填写并附状态证据,,甲方管理员,待核实
资质,旅行相关经营资质,服务类目审核,以实际业务主体及平台要求为准,,甲方负责人,待核实
资质,小程序备案状态,上线审核,备案状态及编号（若适用）,,甲方管理员,待核实
云资源,云环境ID与账单归属,云联调与费用管理,开发和正式环境分开确认支付方,,甲方管理员,待授权
云资源,预算与告警负责人,费用控制,确认年度额度及超额审批人,,双方负责人,待确认
支付,商户号与AppID绑定状态,真实支付,商户号及绑定状态不是商户密码,,甲方商户管理员,待确认
支付,产品权限与联系人,申请及支付异常处理,后台权限状态及负责人,,甲方商户管理员,待确认
支付,安全配置完成状态,支付签名验签退款,密钥证书仅配置在受控服务端不要填此表,,双方技术负责人,待配置
业务,路线与行程最终版本,上架内容,名称天数抵达日交通住宿及高原提示,,甲方运营,待确认
业务,未来团期与领队,实时预约,另填团期资料模板不使用过期演示日期,,甲方运营,待确认
业务,价格定金及单房差,服务端计价,单位分规则及生效时间明确,,甲方运营,待确认
业务,总名额线下已报及成团规则,避免超卖,指定唯一负责人维护不靠口头同步,,甲方运营,待确认
业务,付款截止与退款规则,订单与退款,锁定策略及审批时限双方确认,,甲方负责人,待确认
客服,号码及工作时段,咨询及异常跟进,真实可联系号码和时间,,甲方运营,待提供
条款,隐私政策版本,个人信息收集授权,主体用途保存期限删除途径第三方清单,,甲方负责人,待确认
条款,报名须知与高原提示,预订前确认,体能健康准备取消条件费用包含不含,,甲方负责人,待确认
条款,社区授权与审核规则,投稿审核公开,举报删除照片肖像授权审核负责人,,甲方负责人,待确认
素材,Logo定稿确认,页面统一,沿用既定原稿不重新绘制,,甲方品牌负责人,待确认
素材,图片视频音乐授权,开屏封面探索团队介绍,原文件使用范围第三方版权与肖像许可,,甲方品牌负责人,待确认
外链,公众号文章与目标小程序,活动及小红书微信小程序跳转,准确链接目标AppID和pagePath需真机验证,,甲方运营,待提供
运营,上架审核退款客服负责人,持续运营,指定人员与备岗,,甲方负责人,待确认
验收,体验版验收与送审授权,最终上线决定,确认记录与允许送审的版本号,,双方负责人,待确认
